{"cameraMode":{"drawMode":0,"name":"Shaded","section":"Shading Mode"},"sceneLighting":false,"audioPlay":false,"sceneViewState":{"m_AlwaysRefresh":false,"showFog":true,"showSkybox":true,"showFlares":true,"showImageEffects":true,"showParticleSystems":true,"showVisualEffectGraphs":true,"m_FxEnabled":false},"in2DMode":false,"pivot":{"x":7.576993942260742,"y":-4.217852592468262,"z":149.2742919921875},"rotation":{"x":-0.02582959085702896,"y":-0.018917173147201539,"z":0.00028717584791593254,"w":-0.9997891187667847},"size":77.75079345703125,"orthographic":false}