{"cameraMode":{"drawMode":0,"name":"Shaded","section":"Shading Mode"},"sceneLighting":false,"audioPlay":false,"sceneViewState":{"m_AlwaysRefresh":false,"showFog":true,"showSkybox":true,"showFlares":true,"showImageEffects":true,"showParticleSystems":true,"showVisualEffectGraphs":true,"m_FxEnabled":false},"in2DMode":false,"pivot":{"x":9.994544982910157,"y":-1.0633158683776856,"z":17.222328186035158},"rotation":{"x":-0.1334453970193863,"y":-0.02026764489710331,"z":0.0025158501230180265,"w":-0.9911706447601318},"size":16.709596633911134,"orthographic":false}