{"cameraMode":{"drawMode":0,"name":"Shaded","section":"Shading Mode"},"sceneLighting":false,"audioPlay":false,"sceneViewState":{"m_AlwaysRefresh":false,"showFog":true,"showSkybox":true,"showFlares":true,"showImageEffects":true,"showParticleSystems":true,"showVisualEffectGraphs":true,"m_FxEnabled":false},"in2DMode":false,"pivot":{"x":10.881440162658692,"y":-6.554502487182617,"z":15.018495559692383},"rotation":{"x":-0.23645690083503724,"y":-0.038834746927022937,"z":0.009242824278771878,"w":-0.9711532592773438},"size":20.437572479248048,"orthographic":false}