{"cameraMode":{"drawMode":0,"name":"Shaded","section":"Shading Mode"},"sceneLighting":false,"audioPlay":false,"sceneViewState":{"m_AlwaysRefresh":false,"showFog":true,"showSkybox":true,"showFlares":true,"showImageEffects":true,"showParticleSystems":true,"showVisualEffectGraphs":true,"m_FxEnabled":true},"in2DMode":false,"pivot":{"x":0.23094549775123597,"y":1.1766396760940552,"z":-1.337275505065918},"rotation":{"x":-0.1657721847295761,"y":0.05694169923663139,"z":-0.010354171507060528,"w":-0.9847217798233032},"size":-0.033974409103393558,"orthographic":false}