{"cameraMode":{"drawMode":0,"name":"Shaded","section":"Shading Mode"},"sceneLighting":false,"audioPlay":false,"sceneViewState":{"m_AlwaysRefresh":false,"showFog":true,"showSkybox":true,"showFlares":true,"showImageEffects":true,"showParticleSystems":true,"showVisualEffectGraphs":true,"m_FxEnabled":true},"in2DMode":false,"pivot":{"x":0.31332147121429446,"y":0.12278267741203308,"z":0.19462823867797852},"rotation":{"x":-0.28397655487060549,"y":-0.30947571992874148,"z":0.09640076011419296,"w":-0.9025720953941345},"size":1.1364998817443848,"orthographic":false}